feature,importance
Gender,0.023146914822424605
YearsSinceLastPromotion,0.05250824343787304
YearsWithCurrManager,0.0549654856144616
NumCompaniesWorked,0.05964091104113401
holistic_satisfaction,0.0656929991295519
YearsAtCompany,0.0659744337007546
JobRole,0.06637884278914344
OverTime,0.07745454918821906
PercentSalaryHike,0.08226222021306479
TotalWorkingYears,0.0913050001808689
DistanceFromHome,0.10057096981836931
Age,0.11614196202859378
MonthlyIncome,0.14395746803554108
